Original Word,Oleander,Snowball
a',a,a'
AAAS,AAA,AAAS
AAS,AA,AAS
Abanic,Aban,Abanic
Abas,Aba,Abas
Abate,Abat,Abate
ABATS,ABAT,ABATS
Abbate,Abbat,Abbate
Abbe,Abb,Abbe
Abbie,Abbi,Abbie
Abbye,Abby,Abbye
ABCs,ABC,ABCs
Abell,Abel,Abell
Abernant,Abern,Abernant
Abie,Abi,Abie
Abiezer,Abiez,Abiezer
Abinger,Abing,Abinger
Abkhas,Abkha,Abkhas
ABLS,ABL,ABLS
ABS,AB,ABS
Acacallis,Acac,Acacal
ACAS,ACA,ACAS
ACAWS,ACAW,ACAWS
ACCS,ACC,ACCS
Acerates,Acer,Acerat
Acetes,Acet,Acete
Achates,Achat,Achate
Achelous,Achel,Achelous
Achill,Achil,Achill
Achillize,Achil,Achilliz
Achmed,Achm,Achmed
Achras,Achra,Achras
Acie,Aci,Acie
Acieral,Acier,Acieral
Acis,Aci,Acis
ACLS,ACL,ACLS
Acre,Acr,Acre
Acres,Acr,Acres
Acrobates,Acrob,Acrobat
ACS,AC,ACS
ACSE,ACS,ACSE
Actis,Acti,Actis
ACTS,ACT,ACTS
Adall,Adal,Adall
Adamic,Adam,Adamic
Adamical,Adam,Adamic
Adamically,Adam,Adamic
Addie,Addi,Addie
Addis,Addi,Addis
Adee,Ade,Adee
Adele,Adel,Adele
Adell,Adel,Adell
Adelric,Adelr,Adelric
Adenauer,Adenau,Adenauer
Adie,Adi,Adie
Adiell,Adiel,Adiell
Adige,Adig,Adige
Adyge,Adyg,Adyge
Adine,Adin,Adine
Adis,Adi,Adis
Adlare,Adlar,Adlare
Adlee,Adle,Adlee
Admete,Admet,Admete
Admiral,Admir,Admiral
Adne,Adn,Adne
Adonic,Adon,Adonic
Adore,Ador,Adore
Adrell,Adrel,Adrell
Adriatic,Adriat,Adriatic
Adriell,Adriel,Adriell
ADS,AD,ADS
Adventism,Advent,Adventism
Aedes,Aed,Aede
AEGIS,AEGI,AEGIS
AES,AE,AES
AFACTS,AFACT,AFACTS
AFADS,AFAD,AFADS
AFATDS,AFATD,AFATDS
AFGE,AFG,AFGE
AFIPS,AFIP,AFIPS
A-frame,A-fram,A-frame
AFS,AF,AFS
AFSCME,AFSCM,AFSCME
Agace,Agac,Agace
Agaces,Agac,Agace
Agade,Agad,Agade
Agape,Agap,Agape
Agate,Agat,Agate
Agave,Agav,Agave
Agee,Age,Agee
Aggadic,Aggad,Aggadic
Aggarwal,Aggarw,Aggarwal
Aggie,Aggi,Aggie
Agle,Agl,Agle
Agnes,Agn,Agnes
Agnese,Agnes,Agnese
Agness,Ag,Agness
Agnoetism,Agnoet,Agnoetism
AGS,AG,AGS
Aguie,Agui,Aguie
Ahiezer,Ahiez,Ahiezer
Ahmed,Ahm,Ahmed
AIDDE,AIDD,AIDDE
Aides,Aid,Aide
AIDS,AID,AIDS
Aile,Ail,Aile
AIME,AIM,AIME
Ayme,Aym,Ayme
AIMS,AIM,AIMS
AIPS,AIP,AIPS
Aire,Air,Aire
Aires,Air,Aire
Ayres,Ayr,Ayre
AIS,AI,AIS
Akhlame,Akhlam,Akhlame
Akhmimic,Akhmim,Akhmimic
Akure,Akur,Akure
Alage,Alag,Alage
Alake,Alak,Alake
Alamance,Alam,Alamanc
Alane,Alan,Alane
Alaric,Alar,Alaric
Alas,Ala,Alas
Alaster,Alast,Alaster
Albee,Albe,Albee
Alberic,Alber,Alberic
Albie,Albi,Albie
Alcae,Alca,Alcae
Alcathous,Alcath,Alcathous
Alces,Alc,Alces
Alcester,Alcest,Alcester
Alcide,Alcid,Alcide
Alcides,Alcid,Alcide
Alcine,Alcin,Alcine
Alcinous,Alcin,Alcinous
Alcis,Alci,Alcis
Alcmene,Alcmen,Alcmene
Alcotate,Alcot,Alcotat
Aldas,Alda,Aldas
Alded,Ald,Alded
Aldie,Aldi,Aldie
Aldine,Aldin,Aldine
Aldis,Aldi,Aldis
Aldos,Aldo,Aldos
Aldred,Aldr,Aldred
Alene,Alen,Alene
Aletes,Alet,Alete
Aleutic,Aleut,Aleutic
ALEXIS,ALEXI,ALEXIS
ALFE,ALF,ALFE
Alfie,Alfi,Alfie
Alfred,Alfr,Alfred
Algie,Algi,Algie
Algomic,Algom,Algomic
Algores,Algor,Algore
Alhambraic,Alhambra,Alhambraic
Aliber,Alib,Aliber
Alicant,Alic,Alicant
Alice,Alic,Alice
Alyce,Alyc,Alyce
Alie,Ali,Alie
Aline,Alin,Aline
A-line,A-lin,A-line
Alis,Ali,Alis
Alys,Ali,Alys
Alyse,Alys,Alyse
Alister,Alist,Alister
Alytes,Alyt,Alyte
Alkes,Alk,Alkes
Allare,Allar,Allare
Allbee,Allbe,Allbee
Alle,All,Alle
Allene,Allen,Allene
All-father,All-fath,All-father
All-fatherly,All-fath,All-father
Alliber,Allib,Alliber
Allyce,Allyc,Allyce
Allie,Alli,Allie
Allyne,Allyn,Allyne
Allis,Alli,Allis
Allys,Alli,Allys
Allister,Allist,Allister
Allred,Allr,Allred
Allstate,Allstat,Allstate
Almeric,Almer,Almeric
Almire,Almir,Almire
Alogi,Alog,Alogi
Aloke,Alok,Aloke
Alope,Alop,Alope
Alphonsism,Alphons,Alphonsism
Alpine,Alpin,Alpine
Alpinism,Alpin,Alpinism
Alps,Alp,Alps
ALS,AL,ALS
Alsace,Alsac,Alsace
Alsine,Alsin,Alsine
Altdorfer,Altdorf,Altdorfer
Altes,Alt,Altes
Althee,Althe,Althee
Altheimer,Altheim,Altheimer
Althing,Alth,Althing
Altis,Alti,Altis
Alves,Alv,Alves
Alvie,Alvi,Alvie
Alvis,Alvi,Alvis
Alvissmal,Alvissm,Alvissmal
AMACS,AMAC,AMACS
Amalings,Amal,Amale
Amaral,Amar,Amaral
Amarant,Amar,Amarant
AMASE,AMAS,AMASE
AMATPS,AMATP,AMATPS
Ambie,Ambi,Ambie
Amble,Ambl,Amble
Ambros,Ambro,Ambros
Ambrose,Ambros,Ambrose
AMEDS,AMe,AMEDS
Amenism,Amen,Amenism
Ames,Ame,Ames
Amharic,Amhar,Amharic
AMICE,AMIC,AMICE
AMIChemE,AMIChem,AMIChemE
Amidism,Amid,Amidism
Amie,Ami,Amie
Amye,Amy,Amye
Amiles,Amil,Amile
AMIMechE,AMIMech,AMIMechE
Amis,Ami,Amis
Amytal,Amyt,Amytal
Amite,Amit,Amite
Amling,Aml,Amling
AMLS,AML,AMLS
AmMIEE,AmMIE,AmMIEE
Amonate,Amon,Amonat
Amores,Amor,Amore
Amos,Amo,Amos
AMPAS,AMPA,AMPAS
Ampelis,Amp,Ampeli
Ampere,Amper,Ampere
Amphionic,Amphion,Amphionic
Amphipnous,Amphipn,Amphipnous
AMPS,AMP,AMPS
AMS,AM,AMS
Anabal,Anab,Anabal
Anaces,Anac,Anace
Anagallis,Anag,Anagal
Anakes,Anak,Anake
Ananism,Anan,Ananism
Anas,Ana,Anas
Ancell,Ancel,Ancell
Anchie,Anchi,Anchie
Anchises,Anchis,Anchise
Andale,Andal,Andale
Ande,And,Ande
Andee,Ande,Andee
Andeee,Andee,Andeee
Anderer,Ander,Anderer
Andesic,Andes,Andesic
Andie,Andi,Andie
Andine,Andin,Andine
Andoke,Andok,Andoke
Andover,Andov,Andover
Andrade,Andrad,Andrade
Andras,Andra,Andras
Andre,Andr,Andre
Andree,Andre,Andree
Andres,Andr,Andres
Andris,Andri,Andris
Androcrates,Androcr,Androcrat
Andros,Andro,Andros
Andvare,Andvar,Andvare
Ange,Ang,Ange
Angele,Angel,Angele
Angeles,Angel,Angele
Angeli,Ang,Angeli
Angelic,Angel,Angelic
Angelical,Angel,Angelic
Angelis,Ang,Angeli
Angell,Angel,Angell
Angie,Angi,Angie
Angle,Angl,Angle
Angles,Angl,Angles
Anglice,Anglic,Anglice
Anglicism,Anglic,Anglicism
Anglicization,Anglic,Angliciz
Anglicize,Anglic,Angliciz
Anglicized,Anglic,Angliciz
Anglicizing,Anglic,Angliciz
Anglification,Anglif,Anglific
Anglistics,Anglist,Anglistic
Anglo-boer,Anglo-bo,Anglo-boer
Anglos,Anglo,Anglos
Anheuser,Anheus,Anheuser
Anice,Anic,Anice
Anis,Ani,Anis
Anking,Ank,Anking
Anlage,Anlag,Anlage
Annabal,Annab,Annabal
Annale,Annal,Annale
Anne,Ann,Anne
Annice,Annic,Annice
Annie,Anni,Annie
Annis,Anni,Annis
Annunciation,Annunci,Annunciat
Another,Anoth,Another
Anse,Ans,Anse
Ansell,Ansel,Ansell
Anseres,Anser,Ansere
Ansted,Anst,Ansted
Anstice,Anstic,Anstice
Antarctic,Antarct,Antarctic
Antares,Antar,Antare
Anthas,Antha,Anthas
Anthe,Anth,Anthe
Anti-ally,Anti-,Anti-al
Anti-allied,Anti-,Anti-al
Antibes,Antib,Antibe
Antinous,Antin,Antinous
Antiphates,Antiph,Antiphat
Antliae,Antlia,Antliae
Antone,Anton,Antone
AOCS,AOC,AOCS
A-one,A-on,A-one
AOS,AO,AOS
Aotes,Aot,Aote
Aphanes,Aphan,Aphane
Aphis,Aphi,Aphis
APICS,APIC,APICS
Apis,Api,Apis
Apodes,Apod,Apode
A-pole,A-pol,A-pole
Apple,Appl,Apple
Applegate,Appleg,Applegat
Appling,Appl,Appling
Appropriations,Appropri,Appropriat
Apps,App,Apps
Aprile,April,Aprile
APS,AP,APS
APSE,APS,APSE
Aptos,Apto,Aptos
Apure,Apur,Apure
Arabic,Arab,Arabic
Arabism,Arab,Arabism
Arabize,Arab,Arabiz
Arae,Ara,Arae
Arales,Aral,Arale
Aramaic,Arama,Aramaic
Aramaism,Arama,Aramaism
ARAMIS,ARAMI,ARAMIS
Aras,Ara,Aras
Arbe,Arb,Arbe
Arboles,Arbol,Arbole
Arcadic,Arcad,Arcadic
Arcas,Arca,Arcas
Arce,Arc,Arce
Archaeozoic,Archaeozo,Archaeozoic
Archcape,Archcap,Archcape
Archeozoic,Archeozo,Archeozoic
Arches,Arch,Arches
Archie,Archi,Archie
Archle,Archl,Archle
Arcite,Arcit,Arcite
Arcos,Arco,Arcos
ARCS,ARC,ARCS
Arctogaeal,Arctoga,Arctogaeal
Arctogaeic,Arctoga,Arctogaeic
Arctogeic,Arctog,Arctogeic
Arctos,Arcto,Arctos
Arde,Ard,Arde
Ardeae,Ardea,Ardeae
Ardelis,Ard,Ardeli
Ardell,Ardel,Ardell
Ardene,Arden,Ardene
Ardyce,Ardyc,Ardyce
Ardie,Ardi,Ardie
Ardine,Ardin,Ardine
Ardis,Ardi,Ardis
Ardys,Ardi,Ardys
Ardme,Ardm,Ardme
Ardmore,Ardmor,Ardmore
Ardmored,Ardmor,Ardmore
Areithous,Areith,Areithous
Arene,Aren,Arene
Ares,Are,Ares
Arete,Aret,Arete
Argades,Argad,Argade
Argall,Argal,Argall
Argas,Arga,Argas
Arges,Arg,Arges
Argile,Argil,Argile
Argyle,Argyl,Argyle
Argyll,Argyl,Argyll
Argyres,Argyr,Argyre
Argive,Argiv,Argive
Argolic,Argol,Argolic
Argos,Argo,Argos
Arianism,Arian,Arianism
Aryanism,Aryan,Aryanism
Aryanization,Aryan,Aryaniz
Arianize,Arian,Arianiz
Aryanize,Aryan,Aryaniz
Aryanized,Aryan,Aryaniz
Arianizer,Arian,Arianiz
Aryanizing,Aryan,Aryaniz
Arided,Arid,Aride
Arie,Ari,Arie
ARIS,ARI,ARIS
Arkdale,Arkdal,Arkdale
Arkie,Arki,Arkie
Arkite,Arkit,Arkite
Arlee,Arle,Arlee
Arlene,Arlen,Arlene
Arles,Arl,Arles
Arly,Ar,Arli
Arlie,Arli,Arlie
Arline,Arlin,Arline
Arlyne,Arlyn,Arlyne
Arlis,Ar,Arlis
Armbruster,Armbrust,Armbruster
Armenic,Armen,Armenic
Armenize,Armen,Armeniz
Armoric,Armor,Armoric
Arne,Arn,Arne
Arnie,Arni,Arnie
Arras,Arra,Arras
ARS,AR,ARS
Arshile,Arshil,Arshile
Arsinous,Arsin,Arsinous
Artas,Arta,Artas
Arte,Art,Arte
ARTEMIS,ARTEMI,ARTEMIS
Artie,Arti,Artie
Arvales,Arval,Arvale
Arvell,Arvel,Arvell
Arvie,Arvi,Arvie
ASA/BS,ASA/B,ASA/BS
Asaphic,Asaph,Asaphic
Asare,Asar,Asare
Ascension,Ascens,Ascension
Ascones,Ascon,Ascone
A-scope,A-scop,A-scope
A-shaped,A-shap,A-shape
Ashe,Ash,Ashe
Ashely,Ash,Asheli
Ashes,Ash,Ashes
Ashlee,Ashle,Ashlee
Ashli,Ash,Ashli
Ashly,Ash,Ashli
Ashlie,Ashli,Ashlie
Ashling,Ashl,Ashling
Ashmore,Ashmor,Ashmore
ASHRAE,ASHRA,ASHRAE
Ashwell,Ashwel,Ashwell
Asianic,Asian,Asianic
Asianism,Asian,Asianism
Asiarchate,Asiarch,Asiarchat
Asiatic,Asiat,Asiatic
Asiatical,Asiat,Asiatic
Asiatically,Asiat,Asiatic
Asiatize,Asiat,Asiatiz
Asine,Asin,Asine
ASME,ASM,ASME
ASRS,ASR,ASRS
Assumption,Assumpt,Assumption
ASTMS,ASTM,ASTMS
Astred,Astr,Astred
Ataentsic,Ataents,Ataentsic
Ataigal,Ataig,Ataigal
Ataiyal,Ataiy,Ataiyal
ATDRS,ATDR,ATDRS
Ateles,Atel,Atele
Atenism,Aten,Atenism
Athene,Athen,Athene
Athie,Athi,Athie
Athos,Atho,Athos
ATIS,ATI,ATIS
Atys,Ati,Atys
Atlantic,Atlant,Atlantic
Atlee,Atle,Atlee
Atli,At,Atli
Atmore,Atmor,Atmore
ATMS,ATM,ATMS
ATOMS,ATOM,ATOMS
Atrebates,Atreb,Atrebat
Atrice,Atric,Atrice
ATRS,ATR,ATRS
ATS,AT,ATS
Attical,Attic,Attical
Atticism,Attic,Atticism
Atticize,Attic,Atticiz
Atticized,Attic,Atticiz
Atticizing,Attic,Atticiz
ATTIS,ATTI,ATTIS
Attlee,Attle,Attlee
Atwater,Atwat,Atwater
Aube,Aub,Aube
Aude,Aud,Aude
Auge,Aug,Auge
Aures,Aur,Aure
Ause,Aus,Ause
Avenal,Aven,Avenal
Avernal,Avern,Avernal
Averrhoism,Averrho,Averrhoism
Averroism,Averro,Averroism
Aves,Ave,Aves
Avice,Avic,Avice
Avie,Avi,Avie
Avinger,Aving,Avinger
Avis,Avi,Avis
AVLIS,AVLI,AVLIS
AWACS,AWAC,AWACS
Axis,Axi,Axis
Axminster,Axminst,Axminster
Axtell,Axtel,Axtell
Azbine,Azbin,Azbine
Azide,Azid,Azide
Azle,Azl,Azle
Azores,Azor,Azore
BAEd,BA,BAEd
BAMusEd,BAMus,BAMusEd
BANCS,BANC,BANCS
BAppArts,BAppArt,BAppArts
BArchE,BArch,BArchE
BATSE,BATS,BATSE
BELLCORE,BELLCOR,BELLCORE
BETRS,BETR,BETRS
BGeNEd,BGeNe,BGeNEd
BICS,BIC,BICS
BIndEd,BInd,BIndEd
BIOS,BIO,BIOS
BITS,BIT,BITS
BLOBS,BLOB,BLOBS
BMEWS,BMEW,BMEWS
BSArchE,BSArch,BSArchE
BSGeNEd,BSGeNe,BSGeNEd
BSGeolE,BSGeol,BSGeolE
BSIndEd,BSInd,BSIndEd
BSMusEd,BSMuse,BSMusEd
BVY,BVI,BVi
CABS,CAB,CABS
CAIS,CAI,CAIS
CALRS,CALR,CALRS
CALS,CAL,CALS
CASSIS,CASSI,CASSIS
CATIS,CATI,CATIS
CATLAS,CATLA,CATLAS
CCAFS,CCAF,CCAFS
CCNY,CCNI,CCNi
CENS,CEN,CENS
CHOTS,CHOT,CHOTS
CICS,CIC,CICS
CICSVS,CICSV,CICSVS
CIGS,CIG,CIGS
CIRRIS,CIRRI,CIRRIS
COEES,COEE,COEES
COMAS,COMA,COMAS
COMS,COM,COMS
CONS,CON,CONS
COPS,COP,COPS
COSINE,COSIN,COSINE
COTS,COT,COTS
CRY,CRI,CRi
CSACS,CSAC,CSACS
CUNY,CUNI,CUNi
CUTS,CUT,CUTS
d',d,d'
DACCS,DACC,DACCS
DACS,DAC,DACS
DAY,DAY,DAi
DAIS,DAI,DAIS
D'Andre,D'Andr,D'Andre
D'Avenant,D'Aven,D'Avenant
Deux-S,Deux-,Deux-S
DIAS,DIA,DIAS
DIFMOS,DIFMO,DIFMOS
DIY,DIY,DIi
dyings,dy,die
DIMS,DIM,DIMS
DOCS,DOC,DOCS
DOTS,DOT,DOTS
DPANS,DPAN,DPANS
DUATS,DUAT,DUATS
DWAPS,DWAP,DWAPS
EADAS,EADA,EADAS
Eade,Ead,Eade
Ealing,Eal,Eale
Eanes,Ean,Eane
Early,earli,Ear
EAS,EA,EAS
Eaves,Eav,Eave
Ebbie,Ebbi,Ebbie
Ebionism,Ebion,Ebionism
Ebionize,Ebion,Ebioniz
Eblis,Ebli,Eblis
Ebneter,Ebnet,Ebneter
Eboe,Ebo,Eboe
EBS,EB,EBS
ECAFE,ECAF,ECAFE
Eccles,Eccl,Eccles
ECCS,ECC,ECCS
Echis,Echi,Echis
Echites,Echit,Echite
Eclectics,Eclect,Eclectic
Ecole,Ecol,Ecole
ECOWAS,ECOWA,ECOWAS
ECS,EC,ECS
Eddas,Edda,Eddas
Eddie,Eddi,Eddie
Edee,Ede,Edee
Edenic,Eden,Edenic
Edenization,Eden,Edeniz
Edenize,Eden,Edeniz
EDES,EDE,EDES
Edge,Edg,Edge
Edgell,Edgel,Edgell
Edie,Edi,Edie
Edyie,Edyi,Edyie
Edme,Edm,Edme
Edmee,Edme,Edmee
Edmore,Edmor,Edmore
Ednas,Edna,Ednas
Ednie,Edni,Ednie
Edris,Edri,Edris
EDS,ED,EDS
Education,Educ,Educat
Edwall,Edwal,Edwall
Edwine,Edwin,Edwine
Effie,Effi,Effie
Effye,Effy,Effye
EFIS,EFI,EFIS
EFS,EF,EFS
Egede,Eged,Egede
Egide,Egid,Egide
Egypticity,Egypt,Egyptic
Egyptize,Egypt,Egyptiz
Ehling,Ehl,Ehling
Ehlke,Ehlk,Ehlke
Eyde,Eyd,Eyde
EINE,EIN,EINE
Eire,Eir,Eire
Eyre,Eyr,Eyre
EIS,EI,EIS
EITS,EIT,EITS
EKTS,EKT,EKTS
Elane,Elan,Elane
ELAS,ELA,ELAS
Elbe,Elb,Elbe
Elbie,Elbi,Elbie
Elbing,Elb,Elbing
Elbring,Elbr,Elbring
Elche,Elch,Elche
Eldred,Eldr,Eldred
Eleatic,Eleat,Eleatic
Elene,Elen,Elene
Elfie,Elfi,Elfie
Elianic,Elian,Elianic
Elie,Eli,Elie
Eliezer,Eliez,Eliezer
Elis,Eli,Elis
Elys,Eli,Elys
Elise,Elis,Elise
Elyse,Elys,Elyse
Elkader,Elkad,Elkader
Elke,Elk,Elke
Ellas,Ella,Ellas
ELLE,ELL,ELLE
Ellene,Ellen,Ellene
Ellice,Ellic,Ellice
Ellie,Elli,Ellie
Ellinger,Elling,Ellinger
Ellis,Elli,Ellis
Elmdale,Elmdal,Elmdale
Elmhall,Elmhal,Elmhall
Elmore,Elmor,Elmore
Elnore,Elnor,Elnore
Elodes,Elod,Elode
Elohism,Eloh,Elohism
Else,Els,Else
Elsene,Elsen,Elsene
Elsevier,Elsevi,Elsevier
Elsie,Elsi,Elsie
Elsmere,Elsmer,Elsmere
Elsmore,Elsmor,Elsmore
Elvie,Elvi,Elvie
Elvine,Elvin,Elvine
Elvis,Elvi,Elvis
Elwee,Elwe,Elwee
Elwell,Elwel,Elwell
Elzevier,Elzevi,Elzevier
'em,'em,em
EMACS,EMAC,EMACS
Emee,Eme,Emee
emergence,emerg,emergenc
emergences,emerg,emergenc
emergency,emerg,emergenc
emergencies,emerg,emergenc
emergency's,emerg,emergenc
emergent,emerg,emergent
emergently,emerg,emergent
emergentness,emerg,emergent
emergents,emerg,emergent
emergers,emerg,emerger
Emeric,Emer,Emeric
Eme-sal,Eme-s,Eme-sal
Emie,Emi,Emie
Emile,Emil,Emile
Emyle,Emyl,Emyle
Eminence,Emin,Eminenc
Emys,Emi,Emys
Emmental,Emment,Emmental
Emmenthal,Emmenth,Emmenthal
Emmie,Emmi,Emmie
Emmye,Emmy,Emmye
Empire,Empir,Empire
EMS,EM,EMS
Encampment,Encamp,Encampment
Encinal,Encin,Encinal
Encke,Enck,Encke
Encratic,Encrat,Encratic
Encratism,Encrat,Encratism
Endres,Endr,Endres
Englander,England,Englander
Engle,Engl,Engle
Englifier,Englifi,Englifier
Englis,Eng,Englis
Englishable,English,Englishabl
Englisher,English,Englisher
Englishism,English,Englishism
Englishize,English,Englishiz
Engvall,Engval,Engvall
Enloe,Enlo,Enloe
Ennice,Ennic,Ennice
Enning,Enn,Enning
Ennis,Enni,Ennis
Enochic,Enoch,Enochic
Enone,Enon,Enone
Enos,Eno,Enos
ENS,EN,ENS
Enschede,Ensched,Enschede
Ensoll,Ensol,Ensoll
Enzed,Enz,Enzed
Enzedder,Enzedd,Enzedder
EOS,EO,EOS
Epes,Epe,Epes
Ephes,Eph,Ephes
Ephraitic,Ephrait,Ephraitic
Epicrates,Epicr,Epicrat
Epis,Epi,Epis
EPNS,EPN,EPNS
EPOS,EPO,EPOS
Eppes,Epp,Eppes
Eppie,Eppi,Eppie
Epping,Epp,Epping
EPPS,EPP,EPPS
EPS,EP,EPS
EPSCS,EPSC,EPSCS
EPTS,EPT,EPTS
Equality,Equal,Equaliti
Eras,Era,Eras
Erbe,Erb,Erbe
Erbes,Erb,Erbes
Erce,Erc,Erce
Erde,Erd,Erde
Ergane,Ergan,Ergane
Ergener,Ergen,Ergener
Ergotrate,Ergotr,Ergotrat
Erie,Eri,Erie
Erine,Erin,Erine
Erinize,Erin,Eriniz
Eris,Eri,Eris
Erlander,Erland,Erlander
Erlanger,Erlang,Erlanger
Erle,Erl,Erle
Erlene,Erlen,Erlene
Erline,Erlin,Erline
Erme,Erm,Erme
Ermine,Ermin,Ermine
Erne,Ern,Erne
Ernie,Erni,Ernie
Eros,Ero,Eros
Erotes,Erot,Erote
Erroll,Errol,Erroll
ERS,ER,ERS
Erse,Ers,Erse
Erskine,Erskin,Erskine
Ervine,Ervin,Ervine
Erving,Erv,Erving
Escalator,Escal,Escalat
Escoffier,Escoffi,Escoffier
Escorial,Escori,Escorial
Escurial,Escuri,Escurial
Esdras,Esdra,Esdras
E-shaped,E-shap,E-shape
ESIS,ESI,ESIS
Eskdale,Eskdal,Eskdale
Eskill,Eskil,Eskill
Eskimoic,Eskimo,Eskimoic
Eskimoized,Eskimo,Eskimoiz
Eslie,Esli,Eslie
Esme,Esm,Esme
Esperance,Esper,Esperanc
ESPS,ESP,ESPS
Essene,Essen,Essene
Essenic,Essen,Essenic
Essenical,Essen,Essenic
Essenism,Essen,Essenism
Essenize,Essen,Esseniz
Essie,Essi,Essie
Essinger,Essing,Essinger
Estas,Esta,Estas
Este,Est,Este
Estele,Estel,Estele
Esteli,Est,Esteli
Estell,Estel,Estell
Estes,Est,Estes
Estill,Estil,Estill
Estis,Esti,Estis
ETAS,ETA,ETAS
Ethe,Eth,Ethe
Ethyle,Ethyl,Ethyle
Ethiopic,Ethiop,Ethiopic
ETS,ET,ETS
Ettie,Etti,Ettie
Ettinger,Etting,Ettinger
Ettore,Ettor,Ettore
Eure,Eur,Eure
EUVE,EUV,EUVE
Evander,Evand,Evander
evening,even,evening
evenings,even,evening
evening's,even,evening
Evered,Ever,Evere
Everes,Ever,Evere
Evie,Evi,Evie
Evipal,Evip,Evipal
Evros,Evro,Evros
Evvie,Evvi,Evvie
Ewall,Ewal,Ewall
Ewell,Ewel,Ewell
Ewing,Ewe,Ewing
EWOS,EWO,EWOS
EWS,EW,EWS
Exarchic,Exarch,Exarchic
Excellence,Excel,Excellenc
Excellency,Excel,Excellenc
Exchequer,Exchequ,Exchequer
Exeter,Exet,Exeter
Exile,Exil,Exile
Exline,Exlin,Exline
Exmore,Exmor,Exmore
Explorer,Explor,Explorer
FAAAS,FAAA,FAAAS
FACS,FAC,FACS
FEPS,FEP,FEPS
FERS,FER,FERS
FIMS,FIM,FIMS
FIPS,FIP,FIPS
FITS,FIT,FITS
FLOPS,FLOP,FLOPS
FOIMS,FOIM,FOIMS
FORCS,FORC,FORCS
GAAS,GAA,GAAS
GATED,GATe,GATED
GECOS,GECO,GECOS
GEIS,GEI,GEIS
GEMS,GEM,GEMS
GeolE,Geol,GeolE
GI'ing,GI'e,GI'ing
GOES,GOE,GOES
GRIPS,GRIP,GRIPS
GUIDE,GUID,GUIDE
HEMS,HEM,HEMS
hying,hy,hie
HIIPS,HIIP,HIIPS
HIRES,HIRE,HIRES
HOBIS,HOBI,HOBIS
i',i,i'
Y.T.,.T.,Y.T.
Yahiya,Yahiya,yahiya
Yaya,Yaya,yaya
Yancey,Yancey,yancey
Yanceyville,Yanceyvill,yanceyvill
Yardley,Yardley,yardley
IAS,IA,IAS
IATSE,IATS,IATSE
Yawkey,Yawkey,yawkey
Ibbie,Ibbi,Ibbie
Iberes,Iber,Ibere
Iberic,Iber,Iberic
Iberism,Iber,Iberism
Ibycter,Ibyct,Ibycter
Iblis,Ibli,Iblis
Ibos,Ibo,Ibos
Ibsenic,Ibsen,Ibsenic
Ibsenism,Ibsen,Ibsenism
Icenic,Icen,Icenic
IChemE,IChem,IChemE
Ickes,Ick,Ickes
YCL,CL,YCL
Idas,Ida,Idas
Ideler,Idel,Ideler
Idell,Idel,Idell
Idistic,Idist,Idistic
Idoistic,Idoist,Idoistic
Idris,Idri,Idris
IDS,ID,IDS
yds,	ds,yds
Yenakiyero,Yenakiyero,yenakiyero
Iene,Ien,Iene
Yesilkoy,Yesilkoy,yesilkoy
Ifill,Ifil,Ifill
IFRPS,IFRP,IFRPS
IFS,IF,IFS
Igbos,Igbo,Igbos
IGES,IGE,IGES
Iggie,Iggi,Iggie
IGY,IGI,IGi
Ignace,Ignac,Ignace
IHS,IH,IHS
YHVH,HVH,YHVH
YHWH,HWH,YHWH
Iyre,Iyr,Iyre
Iives,Iiv,Iive
Ijore,Ijor,Ijore
IJsselmeer,IJsselm,IJsselmeer
Ilene,Ilen,Ilene
Iliadic,Iliad,Iliadic
Iliadize,Iliad,Iliadiz
Iline,Ilin,Iline
Ilise,Ilis,Ilise
Ilyse,Ilys,Ilyse
Ilke,Ilk,Ilke
Illene,Illen,Illene
Illyes,Illy,Illye
Illipe,Illip,Illipe
Illyric,Illyr,Illyric
Ilone,Ilon,Ilone
ILS,IL,ILS
Ilse,Ils,Ilse
IMarE,IMar,IMarE
IMAS,IMA,IMAS
Imbros,Imbro,Imbros
Immanes,Imman,Immane
Immortals,Immort,Immortal
Imperial,Imperi,Imperial
Imre,Imr,Imre
IMS,IM,IMS
IMSVS,IMSV,IMSVS
IMTS,IMT,IMTS
IMunE,IMun,IMunE
INADS,INAD,INADS
Incarial,Incari,Incarial
Incarnation,Incarn,Incarnat
IndE,Ind,IndE
Indianeer,Indian,Indianeer
Indianism,Indian,Indianism
Indianization,Indian,Indianiz
Indianize,Indian,Indianiz
Indianized,Indian,Indianiz
Indianizing,Indian,Indianiz
Indone,Indon,Indone
Indore,Indor,Indore
Indre,Indr,Indre
Indris,Indri,Indris
Ines,Ine,Ines
I-ness,I-,I-ness
Ingalls,Ingal,Ingall
Inge,Ing,Inge
Ingle,Ingl,Ingle
Ingles,Ingl,Ingles
Inglis,Ing,Inglis
INGRES,INGR,INGRES
Ingvaeonic,Ingvaeon,Ingvaeonic
Ingveonic,Ingveon,Ingveonic
Ingwaeonic,Ingwaeon,Ingwaeonic
Ingweonic,Ingweon,Ingweonic
Inine,Inin,Inine
INMS,INM,INMS
Innes,Inn,Innes
Inness,In,Inness
Innis,Inni,Innis
Inodes,Inod,Inode
Inoue,Inou,Inoue
INS,IN,INS
Insull,Insul,Insull
inter-Allied,inter-,inter-Alli
International,Intern,Internat
Intimism,Intim,Intimism
Intyre,Intyr,Intyre
INWATS,INWAT,INWATS
Yokoyama,Yokoyama,yokoyama
Iole,Iol,Iole
Ione,Ion,Ione
Ios,Io,Ios
Ioved,Iov,Iove
Ioves,Iov,Iove
IPCE,IPC,IPCE
IPCS,IPC,IPCS
Iphis,Iphi,Iphis
Iphition,Iphit,Iphition
Iphthime,Iphthim,Iphthime
IPY,IPI,IPi
IPMS,IPM,IPMS
IPS,IP,IPS
IPSE,IPS,IPSE
YPVS,PVS,YPVS
IQSY,IQSI,IQSi
Iranic,Iran,Iranic
Iranism,Iran,Iranism
Iranize,Iran,Iraniz
IRAS,IRA,IRAS
yrbk,	rbk,yrbk
IRDS,IRD,IRDS
Irene,Iren,Irene
Iricism,Iric,Iricism
Iricize,Iric,Iriciz
Iricized,Iric,Iriciz
Iricizing,Iric,Iriciz
Iris,Iri,Iris
Irisher,Irish,Irisher
Irishism,Irish,Irishism
Irishize,Irish,Irishiz
Irishized,Irish,Irishiz
Irishizing,Irish,Irishiz
Irme,Irm,Irme
Irmine,Irmin,Irmine
IRMS,IRM,IRMS
IRS,IR,IRS
YRS,RS,YRS
yrs.,	rs.,yrs.
Irvine,Irvin,Irvine
Irving,Irv,Irving
Irvingism,Irving,Irvingism
Isaianic,Isaian,Isaianic
Ysaye,Ysay,ysay
Isander,Isand,Isander
ISAS,ISA,ISAS
Ischys,Ischi,Ischys
Iseabal,Iseab,Iseabal
ISEE,ISE,ISEE
Isere,Iser,Isere
Ishpeming,Ishpem,Ishpeme
ISY,ISI,ISi
Isiacal,Isiac,Isiacal
Ising,Ise,Ising
ISIS,ISI,ISIS
Islamic,Islam,Islamic
Islamism,Islam,Islamism
Islamization,Islam,Islamiz
Islamize,Islam,Islamiz
Islamized,Islam,Islamiz
Islamizing,Islam,Islamiz
Isle,Isl,Isle
Ismaelism,Ismael,Ismaelism
Ismene,Ismen,Ismene
Isocrates,Isocr,Isocrat
ISODE,ISOD,ISODE
Israeli,Isra,Israeli
Israelis,Isra,Israeli
Issie,Issi,Issie
YST,ST,YST
Italic,Ital,Italic
Italical,Ital,Italic
Italically,Ital,Italic
Itaves,Itav,Itave
YTD,TD,YTD
Ithome,Ithom,Ithome
Itys,Iti,Itys
ITS,IT,ITS
I've,I'v,I've
Ives,Ive,Ives
Ivie,Ivi,Ivie
Ivis,Ivi,Ivis
IVTS,IVT,IVTS
IWS,IW,IWS
Ixodes,Ixod,Ixode
JTIDS,JTID,JTIDS
KAOS,KAO,KAOS
KIAS,KIA,KIAS
KIPS,KIP,KIPS
KLIPS,KLIP,KLIPS
LAIS,LAI,LAIS
LANCE,LANC,LANCE
lateral,later,lateral
lateraled,later,lateral
lateraling,later,lateral
laterality,later,lateral
lateralities,later,lateral
lateralization,later,lateral
lateralize,later,lateral
lateralized,later,lateral
lateralizing,later,lateral
laterally,later,lateral
laterals,later,lateral
laterization,later,lateriz
laterize,later,lateriz
LATIS,LATI,LATIS
L'Avare,L'Avar,L'Avare
LCAMOS,LCAMO,LCAMOS
LEAS,LEA,LEAS
L'Etranger,L'Etrang,L'Etranger
LFACS,LFAC,LFACS
lyings,ly,lie
LIPS,LIP,LIPS
'll,'ll,ll
LOOPS,LOOP,LOOPS
L'Otage,L'Otag,L'Otage
LOTS,LOT,LOTS
M',M,M'
MACBS,MACB,MACBS
MAEd,MA,MAEd
MAeroE,MAero,MAeroE
MAgEd,MAge,MAgEd
MALS,MAL,MALS
MArchE,MArch,MArchE
MarMechE,MarMech,MarMechE
MARS,MAR,MARS
MATCALS,MATCAL,MATCALS
MATS,MAT,MATS
McAfee,McAfe,McAfee
McAlester,McAlest,McAlester
McAlister,McAlist,McAlister
McAllister,McAllist,McAllister
MCIAS,MCIA,MCIAS
McIntire,McIntir,McIntire
McIntyre,McIntyr,McIntyre
MDACS,MDAC,MDACS
MEANS,MEAN,MEANS
MERS,MER,MERS
MFLOPS,MFLOP,MFLOPS
MGeolE,MGeol,MGeolE
'mid,'mid,mid
MIDAS,MIDA,MIDAS
'midst,'midst,midst
MIMinE,MIMin,MIMinE
MIMunE,MIMun,MIMunE
MINCE,MINC,MINCE
MIPS,MIP,MIPS
MIRS,MIR,MIRS
MITS,MIT,MITS
'mongst,'mongst,mongst
MOTAS,MOTA,MOTAS
MOTIS,MOTI,MOTIS
MOTOS,MOTO,MOTOS
MOUSE,MOUS,MOUSE
MSGeolE,MSGeol,MSGeolE
MULTICS,MULTIC,MULTICS
MUMPS,MUMP,MUMPS
MVY,MVI,MVi
NAAS,NAA,NAAS
NACS,NAC,NACS
NADGE,NADG,NADGE
NAPLPS,NAPLP,NAPLPS
NATS,NAT,NATS
NEBS,NEB,NEBS
NEFS,NEF,NEFS
NETBIOS,NETBIO,NETBIOS
NICMOS,NICMO,NICMOS
NIMBY,NIMBI,NIMBi
NIMS,NIM,NIMS
NOCS,NOC,NOCS
NOTIS,NOTI,NOTIS
NURBS,NURB,NURBS
O',O,O'
O/S,O/,O/S
OACIS,OACI,OACIS
Oakes,Oak,Oake
OAS,OA,OAS
OASYS,OASI,OASYS
Oates,Oat,Oate
OATS,OAT,OATS
Obed,Obe,Obed
Obeded,Obed,Obede
Obie,Obi,Obie
Oboe,Obo,Oboe
Obote,Obot,Obote
OBS,OB,OBS
Observant,Observ,Observant
OCATE,OCAT,OCATE
Occamism,Occam,Occamism
Occident,Occid,Occident
Occleve,Occlev,Occleve
Oceanic,Ocean,Oceanic
Ochs,Och,Ochs
Ocie,Oci,Ocie
OCLI,OC,OCLI
Ocoee,Ocoe,Ocoee
O'Conner,O'Conn,O'Conner
OCS,OC,OCS
Octave,Octav,Octave
October,Octob,October
Odds,Odd,Odds
Odele,Odel,Odele
Odell,Odel,Odell
O'Dell,O'Del,O'Dell
Odie,Odi,Odie
Odine,Odin,Odine
Odinic,Odin,Odinic
Odinism,Odin,Odinism
Odoacer,Odoac,Odoacer
Odoric,Odor,Odoric
ODS,OD,ODS
Odzookers,Odzook,Odzooker
OED,O,OED
OES,OE,OES
Official,Offici,Official
OFNPS,OFNP,OFNPS
OFris,OFri,OFris
OFS,OF,OFS
O-gee,O-ge,O-gee
OGICSE,OGICS,OGICSE
Ohare,Ohar,Ohare
O'Hare,O'Har,O'Hare
OHMS,OHM,OHMS
Oys,Oy,Oys
Oise,Ois,Oise
Okie,Oki,Okie
Oklee,Okle,Oklee
Olds,Old,Olds
Old-Testament,Old-Testa,Old-Testament
Olfe,Olf,Olfe
Olympic,Olymp,Olympic
Olympicly,Olymp,Olympic
Olympicness,Olymp,Olympic
Olympics,Olymp,Olympic
Oliphant,Oliph,Oliphant
Olyphant,Olyph,Olyphant
Olive,Oliv,Olive
Oliver,Oliv,Oliver
Olives,Oliv,Olive
Olivier,Olivi,Olivier
Ollie,Olli,Ollie
Olmsted,Olmst,Olmsted
Olnee,Olne,Olnee
Olpe,Olp,Olpe
Omniscience,Omnisci,Omniscienc
Omphale,Omphal,Omphale
OMS,OM,OMS
Onas,Ona,Onas
Ondine,Ondin,Ondine
Oneill,Oneil,Oneill
O'Neill,O'Neil,O'Neill
Onfre,Onfr,Onfre
Onsted,Onst,Onsted
Ontaric,Ontar,Ontaric
Ontine,Ontin,Ontine
OOPS,OOP,OOPS
Opdyke,Opdyk,Opdyke
OPEOS,OPEO,OPEOS
Ophis,Ophi,Ophis
Ophite,Ophit,Ophite
Ophitic,Ophit,Ophitic
Ophitism,Ophit,Ophitism
Ophrys,Ophri,Ophrys
Opis,Opi,Opis
OPS,OP,OPS
Orangeism,Orang,Orangeism
Orcas,Orca,Orcas
Orchis,Orchi,Orchis
Orfinger,Orfing,Orfinger
organal,organ,organal
organer,organ,organer
organic,organ,organic
organical,organ,organic
organically,organ,organic
organicity,organ,organic
organics,organ,organic
organing,organ,organe
organism,organ,organism
organisms,organ,organism
organism's,organ,organism
organity,organ,organiti
organization,organ,organiz
organizations,organ,organiz
organization's,organ,organiz
organize,organ,organiz
organized,organ,organiz
organizer,organ,organiz
organizers,organ,organiz
organizes,organ,organiz
organizing,organ,organiz
Orgas,Orga,Orgas
Orgell,Orgel,Orgell
Oriental,Orient,Oriental
Orientalism,Orient,Oriental
Orientalize,Orient,Oriental
Orleanism,Orlean,Orleanism
Orlene,Orlen,Orlene
Orly,Or,Orli
Orling,Orl,Orling
Orme,Orm,Orme
Orms,Orm,Orms
ORNAME,ORNAM,ORNAME
Ornas,Orna,Ornas
Orne,Orn,Orne
Ornie,Orni,Ornie
Orose,Oros,Orose
Orphical,Orphic,Orphical
Orphically,Orphic,Orphical
Orphicism,Orphic,Orphicism
Orphize,Orphiz,Orphize
Ortegal,Orteg,Ortegal
Orthis,Orthi,Orthis
Orthos,Ortho,Orthos
Orthros,Orthro,Orthros
Orting,Ort,Orting
Ortles,Ortl,Ortles
Ortrude,Ortrud,Ortrude
Orvas,Orva,Orvas
Orvie,Orvi,Orvie
Orwell,Orwel,Orwell
Osage,Osag,Osage
Osages,Osag,Osage
Oscines,Oscin,Oscine
OSDS,OSD,OSDS
Osee,Ose,Osee
Osetic,Oset,Osetic
O-shaped,O-shap,O-shape
O'Shee,O'She,O'Shee
Osirism,Osir,Osirism
OSME,OSM,OSME
OSPS,OSP,OSPS
OSSE,OSS,OSSE
Ossete,Osset,Ossete
Ossetic,Osset,Ossetic
Ossianic,Ossian,Ossianic
Ossianism,Ossian,Ossianism
Ossianize,Ossian,Ossianiz
Ossie,Ossi,Ossie
Ossining,Ossin,Ossine
Ostmannic,Ostmann,Ostmannic
Ostrander,Ostrand,Ostrander
Oswell,Oswel,Oswell
OTBS,OTB,OTBS
Otes,Ote,Otes
Othake,Othak,Othake
Othe,Oth,Othe
Othinism,Othin,Othinism
Otides,Otid,Otide
Otis,Oti,Otis
Otoe,Oto,Otoe
OTS,OT,OTS
Otte,Ott,Otte
Ottie,Otti,Ottie
Ottine,Ottin,Ottine
Ottinger,Otting,Ottinger
Otwell,Otwel,Otwell
Ouse,Ous,Ouse
Outing,Outing,Oute
OUTWATS,OUTWAT,OUTWATS
Ovis,Ovi,Ovis
Owades,Owad,Owade
O-wave,O-wav,O-wave
Owenism,Owen,Owenism
Owenize,Owen,Oweniz
Owings,Owe,Owing
Oxfordism,Oxford,Oxfordism
Ozenfant,Ozenf,Ozenfant
Ozzie,Ozzi,Ozzie
PAYE,PAY,PAYE
PANS,PAN,PANS
paste,past,paste
pasted,past,paste
pastes,past,paste
pasting,past,paste
PHIGS,PHIG,PHIGS
PICS,PIC,PICS
PIMS,PIM,PIMS
POPS,POP,POPS
POTS,POT,POTS
PREMIS,PREMI,PREMIS
'prentice,'prentic,prentic
PROFS,PROF,PROFS
PROMATS,PROMAT,PROMATS
QSY,QSI,QSi
QTY,QTI,QTi
QUANTAS,QUANTA,QUANTAS
QWERTY,QWERTI,QWERTi
RARDE,RARD,RARDE
're,'re,re
REGIS,REGI,REGIS
REMOBS,REMOB,REMOBS
RIACS,RIAC,RIACS
RIAS,RIA,RIAS
RICS,RIC,RICS
RIPS,RIP,RIPS
RMATS,RMAT,RMATS
ROTS,ROT,ROTS
RTTY,RTTI,RTTi
's,,'s
SABME,SABM,SABME
SABRE,SABR,SABRE
SAYE,SAY,SAYE
SAMOS,SAMO,SAMOS
SARTS,SART,SARTS
'sblood,'sblood,sblood
'sbodikins,'sbodikin,sbodikin
SCOOPS,SCOOP,SCOOPS
SCOTS,SCOT,SCOTS
'sdeath,'sdeath,sdeath
SEAS,SEA,SEAS
SEbS,SEb,SEbS
'sfoot,'sfoot,sfoot
'sheart,'sheart,sheart
'shun,'shun,shun
SINS,SIN,SINS
SIPS,SIP,SIPS
Sky,Sky,Ski
skis,ski,skis
sky's,sky,ski
'slid,'slid,slid
'slife,'slife,slife
'slight,'slight,slight
SLUFAE,SLUFA,SLUFAE
SMILS,SMIL,SMILS
SNADS,SNAD,SNADS
'snails,'snail,snail
SONDS,SOND,SONDS
SPARS,SPAR,SPARS
STARS,STAR,STARS
'strewth,'strewth,strewth
SUNY,SUNI,SUNi
t',t,t'
TACCS,TACC,TACCS
TDY,TDI,TDi
'til,'til,til
TIRKS,TIRK,TIRKS
TIROS,TIRO,TIROS
'tis,'tis,tis
TODS,TOD,TODS
TOY,TOY,TOi
TOMS,TOM,TOMS
TOOIS,TOOI,TOOIS
TOPICS,TOPIC,TOPICS
TOPLAS,TOPLA,TOPLAS
TOPS,TOP,TOPS
TORES,TORE,TORES
TTY,TTI,TTi
TUNIS,TUNI,TUNIS
TV-Eye,TV-Ey,TV-Eye
'twas,'twas,twas
'tween,'tween,tween
'tween-decks,'tween-deck,tween-deck
'twere,'twere,twere
'twill,'twill,twill
'twixt,'twixt,twixt
'twould,'twould,twould
U/S,U/,U/S
UARS,UAR,UARS
Uball,Ubal,Uball
Uchee,Uche,Uchee
Udale,Udal,Udale
Udall,Udal,Udall
Udele,Udel,Udele
Udell,Udel,Udell
Udine,Udin,Udine
Uds,Ud,Uds
Uele,Uel,Uele
UFS,UF,UFS
Uhde,Uhd,Uhde
UIMS,UIM,UIMS
Uis,Ui,Uis
Ukrainer,Ukrain,Ukrainer
Ulane,Ulan,Ulane
Ulises,Ulis,Ulise
Ullswater,Ullswat,Ullswater
Ulrike,Ulrik,Ulrike
Ulvales,Ulval,Ulvale
Umbarger,Umbarg,Umbarger
'un,'un,un
Un-attic,Un-att,Un-attic
Un-biblical,Un-bibl,Un-biblic
Un-biblically,Un-bibl,Un-biblic
UNCLE,UNCL,UNCLE
Undine,Undin,Undine
Undis,Undi,Undis
Un-doric,Un-dor,Un-doric
Un-hebraic,Un-hebra,Un-hebraic
Uniatism,Uniat,Uniatism
UNICS,UNIC,UNICS
Un-ionic,Un-ion,Un-ionic
Unionism,Union,Unionism
United,Unit,Unite
universal,univers,universal
universality,univers,universal
universalization,univers,universal
universalize,univers,universal
universalized,univers,universal
universalizer,univers,universal
universalizes,univers,universal
universalizing,univers,universal
universally,univers,universal
universalness,univers,universal
universals,univers,universal
universities,univers,universiti
university's,univers,universiti
Un-judaize,Un-juda,Un-judaiz
Unknowable,Unknow,Unknowabl
Un-mosaic,Un-mosa,Un-mosaic
Un-slavic,Un-slav,Un-slavic
Un-vedic,Un-ved,Un-vedic
Updike,Updik,Updike
UPDS,UPD,UPDS
Upis,Upi,Upis
UPS,UP,UPS
Up-state,Up-stat,Up-state
Up-stater,Up-stat,Up-stater
Ural-Altaic,Ural-Alta,Ural-Altaic
Uralic,Ural,Uralic
Urartic,Urart,Urartic
Urbannal,Urbann,Urbannal
Urbas,Urba,Urbas
Uris,Uri,Uris
Ursas,Ursa,Ursas
USC&GS,USC&G,USC&GS
USES,USE,USES
USGS,USG,USGS
U-shaped,U-shap,U-shape
Ushas,Usha,Ushas
USIS,USI,USIS
USNAS,USNA,USNAS
USPHS,USPH,USPHS
USPS,USP,USPS
Utas,Uta,Utas
Utes,Ute,Utes
Utimer,Utim,Utimer
UTQGS,UTQG,UTQGS
Utraquism,Utraqu,Utraquism
Uuge,Uug,Uuge
UVS,UV,UVS
UWS,UW,UWS
VABIS,VABI,VABIS
VADS,VAD,VADS
VANS,VAN,VANS
've,'ve,ve
VFY,VFI,VFi
VIFRED,VIFR,VIFRED
vying,vy,vie
VINES,VINE,VINES
VNY,VNI,VNi
VODAS,VODA,VODAS
VOIS,VOI,VOIS
WADS,WAD,WADS
WAFS,WAF,WAFS
WAIS,WAI,WAIS
WATS,WAT,WATS
WAVES,WAVE,WAVES
WINS,WIN,WINS
WYSIWIS,WYSIWI,WYSIWIS
WITS,WIT,WITS
WRANS,WRAN,WRANS
WUPPE,WUPP,WUPPE
WWOPS,WWOP,WWOPS
